1595501685935696000|焦点对话：胡耀邦之子告诫习近平集权危险，有何深意？|这个星期，美中两国官员在北京举行了12月特习会以来的首次贸易磋商。这次副部长级别的谈判，不仅出现了主管经济的中国副总理刘鹤亲自现身的“惊喜”画面，而且还将会议延长一天，凸显双方都急于取得成果。
1595501685935696001|各地舒适至温暖 中南部日夜温差大|今天(19 日)天气与昨天(18 日)类似，各地大多仍为多云到晴的天气，仅花东地区及中南部山区有零星降雨；气温方面，各地高温大致在摄氏 23 至 26 度，不过北部沿海高温稍低一些，而各地低温约 14 至 18 度感受仍凉，中南部日夜温差较大，请根据气温变化适时调整衣物。
1595501685935696002|(影)头份分局侦办虐童假影片 苏贞昌：不该动用私刑|网络昨晚传出一支对虐童者动用私刑的假影片，苗栗头份分局也于第一时间澄清。对此，要求政府必须第一时间反映民意的行政院长苏贞昌今（19）日中午在脸书肯定说，「相关单位很快求证澄清，反应很快，这样很好。」这只影片是在脸书粉丝、社团疯传，指苗栗一位继父虐童后，遭乡民以吊车吊起来私刑。苗栗头份警方昨日则在脸书
1595501685935696003|白宫宣布 二月底之前举行二次川金会|全球关注的第二次川金会，时程已经出炉了。白宫宣布订于2月底之前举行、地点还会择日公开。根据「华盛顿邮报」报导，可能会选在越南举行。...
1595501685935696004|中国驻加大使：孟晚舟案如被友捅刀 是政治问题|中国驻加拿大大使卢沙野17日接受了加中主流媒体的集体采访。这也是自华为孟晚舟事件在去年年底发生，并引发中加两国外交关系紧张至今后，中国驻加外交人员对两国分歧的系统性回应。卢沙野在问答中强调，孟晚舟案不仅是简单的司法案件，中方从一开始对此案的定性就没错，它是一个政治问题。
1595501685935696005|习近平靠录音磁带“修成”“法学博士”（高新）|习近平的官方简历中声称他的“毕业”院系“马克思主义理论与思想政治教育专业”就是在这样一个大背景下出现的“新生事物”，开始“面向社会培养论文硕士和论文博士”之后，立刻就被习近平这样的官员们如蝇逐臭。
1595501685935696006|取材中国农村的宣传片《啥是佩奇》，是成功在地化还是放大城乡对立？|是什么让小猪佩奇再次风靡中国？她会成为下一只米奇老鼠吗？
1595501685935696007|“毛主席解放了西藏 习主席让你脱贫”， 中国要贫困藏人感谢共产党|甘南藏区佐盖多玛乡，贫困的牧民们依照共产党的政策，放弃了牲畜和传统的游牧生活，住进了政府补贴修建的新房里。屋里显眼的位置悬挂着毛泽东和习近平的照片，上面披挂着白色的哈达 。
1595501685935696008|过年换新钞包红包 1/28起453个金融据点这里查|农历春节将届，为方便民众「换新钞、包红包」，央行宣布自1月28日起至2月1日连续5个营业日，民众可于7家公股银行与邮局共453个指定兑钞据点换新钞，其中壹佰元券每人限兑100张。中央银行今天宣布，为方便民众春节前兑换新钞，央行洽请台银、土银、合库银、第一银、华南银、彰银、中小企银
1595501685935696009|足球》公布男女足国家队教头 理事长邱义仁提3大期许|中华民国足球协会今天揭晓新任男、女足球国家队总教练，理事长邱义仁也提出3大期许，除了成绩进步、带来新训练方式外，也盼能留下训练过程的课程，作为日后国内教练参考。足协今天举行记者会，公布新任男、女足球国家队总教练人选，分别由前国家队教头怀特（GaryWhite）的助理教练兰卡斯特（
1595501685935696010|财经智库换首脑》中经院长陈思宽就定位 台经院长将由张建一出任|中经院、台经院18日都有新的人事异动。原定应在去年11月1日就上任的中经院院长...
1595501685935696011|活动人士在印度和英国示威 抗议谷歌为北京研发搜索引擎|1月18日星期五是互联网自由日，由华人、西藏人、维吾尔族人和人权团体人士组成的联盟在谷歌公司位于伦敦的总部外面举行抗议活动，要求谷歌放弃其引起争议的“蜻蜓项目”，不要研发可以为中国当局过滤信息的搜索引擎。
1595501685935696012|对财神爷置之不理？去年9─10月统一发票千万奖 还有8张未兑领！|去年11、12月期统一发票将于25日开奖，但去年9、10月统一发票17张千万特别奖，仍有8张未兑领；12张200万元特奖则剩一张未兑领，提醒于3月5日前兑奖，以免财神爷过门不入。财政部表示，8张未兑领千万特别奖发票，分别是在台北市信义区吴兴街统一超商花新台币180元买两包菸品、在
1595501685935696013|强盗抢银行比喻美中台关系 民进党：柯文哲认知偏差|针对台北市柯文哲今(18)日以强盗抢银行比喻台美中关系，民进党发言人吴思瑶表示，这不只是不当的比喻，更是严重的认知偏差，偏离国内主流民意，更向国际社会释放错误讯息。吴思瑶指出，相信台湾社会多数人民难以接受「把自己国家当作强盗、把处处霸凌压迫台湾的中国当作警察」，这样扭曲的比喻与言论。吴思瑶强调，民进
1595501685935696014|塞尔维亚官方隆重迎接普京到访|塞尔维亚官方表示，至少10万人周四晚在贝尔格莱德街头迎接到访的俄罗斯总统普京。
1595501685935696015|广东维权律师刘正清成中国因法庭辩护词而遭吊照第一人|中国广东省司法厅1月16日下发行政处罚决定书，正式吊销维权律师刘正清的律师执业证，使刘正清成为中国律师界因在法庭上发表的辩护词而遭吊照的第一人
1595501685935696016|基督教迫害监察组织称中国宗教迫害去年骤增|基督教迫害监察组织“敞开的门”本周公布年度报告“2019全球监察名单”，50个国家被该组织列入宗教迫害“黑名单”。报告指出，过去一年，全世界九分之一的基督徒因为信仰受到迫害，世界各地的宗教迫害都在上升。
1595501685935696017|卢秀燕台中小内阁复制「胡家班」人马 是人才短缺或另有打算？|翻转绿地重回蓝天的台中市长卢秀燕不同于其他首都市长，先前在公布小内阁人事时，一共
1595501685935696018|中国呛不惜代价统一 美国防部：坚定支持台湾自我防卫能力|中国军委联合参谋部参谋长李作成日前当面向美国呛声，若有人要将台湾从中国分裂出去，「中国军队将不惜一切代价维护祖国统一，捍卫领土完整」，对此，美国国防部重申，美国坚守《台湾关系法》对台湾的承诺，坚定支持…
1595501685935696019|VOA连线(黄耀毅)：特朗普与金正恩将于二月底前二度会面|朝鲜劳动党副委员长金英哲1月18日星期五到白宫与特朗普总统会面，并转交朝鲜最高领导人金正恩的书信。这是金英哲第二次到椭圆型办公室。会面后，白宫宣布，第二次“特金会”将于二月底之前举办。美国之音记者黄耀毅介绍了详细情况。
1595501685935696020|你的病历，正成为科技公司争相采挖的新宝藏|从巨头亚马逊、苹果，到初创公司Xealth，科技公司正努力将包含了病史、诊断记录、处方和其他医疗数据的大量电子病历收入囊中，以开发新业务。科技公司如何获取，又如何使用这些医疗数据？科技公司对这一资源的利用带来了哪些益处？哪些环节存在着个人隐私泄露的风险？一旦医疗数据泄露，有疾病的人群将面临怎样的困境？这则视频对以上问题进行了解释和探究。图片合成：Heather Seidel/The Wall Street Journal
1595501685935696021|美国波兰将举办反伊朗峰会，欧盟主要国家态度冷淡|美国寻求联合欧洲施压伊朗的努力遭遇挫折，此前有官员称，一些欧盟成员国的部长们可能不会出席美国组织的伊朗和中东问题峰会。
1595501685935696022|分析：中美贸易谈判进入深水区 核心问题谈判仍任重道远|路透北京1月18日 - 持续近一年的中美贸易争端在新年伊始迎来“新气象”。继上周在北京举行副部级磋商后，中国副总理刘鹤本月底亦赶在春节前赴美进行更高级别磋商，将...
1595501685935696023|心跳演习移师乌节路 商家纷响应反恐逾80人参与|一名持刀的“恐怖分子”闯入乌节路商场肆意乱砍，许多伤者倒地不起，现场十分混乱。警方接获通报后赶到现场，在最短时间内击毙持刀“恐怖分子”。突然，一阵枪声在案发地点后方响起，警方马上拿着防弹盾赶去。警方与“恐怖分子”展开激烈枪战，最终成功将余下三名“恐怖分子”歼灭。新加坡民防部队的人员随后到场为伤者进行紧急施救。
1595501685935696024|用户数据抖到哪里？抖音国际版更新隐私政策|抖音国际版TikTok本月修改了它的隐私政策，删去了用户资料有可能在中国被储存和处理的表述。今年1月，美国一个智库的文章警告说，TikTok在中国境外越来越受青睐可能对西方国家构成新的安全威胁。
1595501685935696025|观点投书：贸易战转缓，或是中美两国交易的最好时机|贸易战的焰火或许无法在短时间完全平息，然而习川的领导班子在双双面临国内经济调控与选举开跑的考量下，达成一定程度的和解，寻得阶段性进展的态势大致底定。陆副总理刘鹤在副部级制度性磋商意外的现身；美贸易代表署声明中陆方采购的承诺与下一步结构性改革宣告；川普在推特上直言谈判顺利；华尔街日
1595501685935696026|管仁健观点》管爷是在赚外快？还是领网民费？|伊索寓言里有这样一个故事，牧羊人捡到一只刚刚出生的小狼，就把牠带回家，跟狗喂养在一起。小狼长大以后，如果遇到野狼来叼羊，牠就和狗一起去追赶。有一次，狗没追上野狼，就回去了，但小狼却继续追赶，追上后就和其他野狼一起分享了羊肉。吃过羊肉的小狼，以后即使没有野狼来叼羊，牠也三不五时自己偷叼一只羊。后来，牧
1595501685935696027|泰国展现进步 承诺放宽移民政策|在移民政策上长期要求严格的泰国政府改变态度，承诺将不再强行遣返难民回国。
1595501685935696028|补班日西半部空品超差！8测站爆红害、30站亮橘警|台湾西半部从北到南今（19）日空气质量非常差！依据环保署空气质量监测网上午10时更新的资料，一共有8站达到对所有族群不健康的「红害」等级，另有30处测站达到对敏感族群不健康的「橘警」等级。数据显示，包括南投、仑背、嘉义、新营、善化、楠梓、桥头、斗六8处测站，达到对所有族群不健康的「红害」等级；另外，
1595501685935696029|日产-三菱合资公司曾向戈恩支付890万美元不当款项|日产汽车和三菱汽车周五表示，两家公司前董事长戈恩曾经从荷兰一家实体获得了总计780万欧元的不当款项，这家荷兰实体为这两家公司所有。
1595501685935696030|国发会拟松绑责任制条款 劳团出面抗议|今天上午劳工团体到国发会门口抗议，要求国发会撤回放宽劳基法责任制的修法草案，国发会也回应强调，会听听各界的意见再来讨论。...
1595501685935696031|中国救不了石油市场|近月来中国原油进口大幅攀升，但投资者不应将此视为积极信号，因为几乎可以肯定这反映的是油价在第四季度暴跌后补充原油库存的影响，而从表观石油需求来看，市场状况更加严峻。
1595501685935696032|前国际刑警组织主席孟宏伟的妻子在法国寻求庇护|据法国媒体周五报道，被中国当局以受贿指控拘押在中国的前国际刑警组织主席孟宏伟的妻子格蕾丝▪孟在法国寻求庇护。
1595501685935696033|美国之音中文网 您可靠的信息来源|美国之音是您的可靠和准确的有关中国、美国和国际新闻的来源。欢迎浏览美国之音中文网阅读最新的报道，收听收看美国之音电视广播节目或练习您的英语。 Voice of America Chinese is your source for reliable and accurate news about China, the United States and the World. Read the latest news, watch VOA TV, listen to one of our radio programs or practice your English.
1595501685935696034|创28年来最低点！中国去年GDP跌至6.6%|中国国家统计局将于21日发布去年经济成长率官方数据，而根据法新社所做的分析师意见调查，去年因为中国政府奋力控制激增的债务，加上应付和美国间激烈的贸易战，使经济成长率跌到6.6%，同时这也是中国28年以来GDP最低点。美国总统川普扬言对接近一半的中国输美货品加征关税，导致中国和最大贸易伙伴国美国去年关
1595501685935696035|德国5G建设欲排除华为 华为称5G被政治化|德国政府正考虑效仿其全球盟友，以国家安全为由，禁止在5G建设中使用华为的技术和设备。
1595501685935696036|全球首届水墨现场特展台湾开幕 进入「科技水墨」新时代|全球首个国际水墨艺术平台「水墨现场」（Ink Now）今（18 日）于台北花博公园争艷馆隆重开幕，同时宣布水墨艺术正式进入「科技水墨」（Tech Ink）的新时代。「水墨现场」以「不止于艺博，无穷于水墨」（More than Art Fair, More than Ink.）的理念成立，期望由台北出发，回应全球艺术市场对水墨艺术作品的热切需求。来自香港的策展人许剑龙致词时表示，「水墨现场，不仅是艺博会。」
1595501685935696037|获偏右政党支持 瑞典左派总理顺利连任|瑞典4个月的政治真空今天划下句点，瑞典首相勒文（Stefan Lofven）在国会选举中获选连任。勒文成功挤下极右派势力，保住欧洲仅存的少数左翼政府之一。
1595501685935696038|台北市长柯文哲想组党 2020动向受关注|面临2020年的台湾总统大选，台北市长柯文哲透露有组党的想法，一时之间成为台湾政坛最热门话题。
1595501685935696039|与《注定一战》作者谈 “修昔底德陷阱” 和中美贸易战|刘裘蒂：我问艾利森为何认为中美贸易谈判将在3月1日前结束第一回合，以及未来中美避开“修昔底德陷阱”的秘诀。
1595501685935696040|经合组织：全球经济成长放缓 对巴西影响有限|经济合作暨发展组织评估指出，虽然目前世界经济成长放缓，但是对巴西恢复经济成长的脚步不会有强烈影响，因为巴西如果进行经济结构改革，成长可能会超出预期。
1595501685935696041|台南虐童案》年轻人包围地检署不肯走 背后原因有洋葱…|台南市虐童案引爆乡民怒火，日前更有4、500名愤怒群众在号召下聚集地检署前，盼能教训凶嫌，当时第4分局交通组长郭荣木违抗长官命令与群众要「柔性对话」，反向群众呛声，「警方看到飙车乱按喇叭不该取缔吗？」、「难道警察该视而不见吗？」事后传出郭遭台南市警局长黄宗仁点名「检讨」，但这个「
1595501685935696042|华尔街日报：台积电让英特尔的日子很不好过，但难逃市场需求走弱阵痛|华尔街日报报导，半导体双雄台积电与英特尔竞争激烈，台积电制程技术领先，业绩却受iPhone需求降温拖累。英特尔近期股价表现亮眼，有望缴出亮丽年报，但好运势不易维持。台积电用于缩小微处理器尺寸的制程技术在去年超越英特尔（Intel），并运用这类技术替苹果公司（Apple）生产iPh
1595501685935696043|马来西亚财长林冠英拒绝高盛就1MBD事件的道歉|马来西亚财长林冠英拒绝了高盛首席执行长David Solomon就该行一位前银行家在马来西亚1MDB丑闻中所扮演角色的道歉，称仅道歉是不够的。
1595501685935696044|政府关门陷僵局 川普预告有重大宣布|美国总统川普明天将对耗时已久的联邦政府关门，以及南方边界情形发表「重大宣告」。
1595501685935696045|一胎化后遗症》纽约时报：中国已出现人口萎缩危机！|中国过去为控制人口成长，实行一胎化政策，近年虽松绑，年轻世代却在沉重经济压力下不愿多生小孩，整体生育率偏低。纽约时报指出，中国已浮现人口萎缩危机。报导指出，中国过去40年来经济转型成果惊人，但隐约浮现的人口危机可能是致命伤。许多人认为，中国恐步上1990年代日本因人口危机导致经济
1595501685935696046|汇市一周综述：英国退欧卡关 英镑上演庆祝行情？|整理 张明钧
1595501685935696047|立委补选登记截止 台南金门各6人厮杀最激烈|中央选举委员会公告，立法委员新北市第3选举区、台南市第2选举区、彰化县第1选举区及金门县选举区补选今（18）日登记截止，其中台南市、金门县各有6人登记，彰化县与新北市则各有4人、3人登记参选。中选会表示，新北市第3选举区登记参选有三人，分别是国民党的郑世维、民进党的余天、无党籍苏卿彦；台南市第2选举
1595501685935696048|《说理Ⅱ》：医师处方鬼画符，就像猩猩为了取悦对方而帮忙挑虱子一样|正如同狗哨可以发出只有狗才听得见的声音，这些隐藏意见也只有特定选民才能接收得到。尽管如此，我还是偏好自己取的「社交礼仪梳理」。这不仅仅是关于祕密讯息。这还包括了梳理：让族群凝聚、让所有成员觉得独一无二的语言。  标签: 修辞学, 挑虱子, 社交礼仪梳理, 小布什, 声音意义, 群众认同, 说理, Jay Heinrichs
1595501685935696049|(影)高市国民党主委交接 韩国瑜一度哽咽吁了解民心|▲国民党高雄市党部主委交接／撷取中国国民党高雄市党部脸书▲国民党高雄市党部主委今天(19日)进行交接，高雄市长韩国瑜卸下兼任，专心政务；市党部主委工作由高雄市议会前议长庄启旺接任，为国民党2020总统大选、立委选举布局、打拚。新旧任主委交接由国民党主席吴敦义负责监交，同时举办吴敦义的2018高雄市五
1595501685935696050|对蔡英文余恨未消？柯文哲：环境不一样 每个人都会改变|台北市长柯文哲在今晚播出的电视专访中，谈了许多大家有兴趣的话题，包括和民进党的恩怨情仇、蔡柯会，以及美中台关系等。对于一些较敏感的话题，柯文哲轻松带过，不过他说，民进党原本要礼让他选台北市长的事，太太陈佩琪是正常人，所以生气，但他自己倒是还好。主持人问，有一种说法是民进党把柯文哲歼灭在台北市长选举中
1595501685935696051|产学研合作、产业落地、「无人区」……中国新一代人工智能新看点|从「互联网+」到「AI+」，人工智能技术正在为经济社会发展带来深远影响。2018年，核心技术攻关、人才梯队培养、实体产业落地……我国人工智能技术正加速更新换代。1月15日，AI青年科学家联盟多位专家在上海表示，2019年，中国AI产业的发展将逐步走向成熟。趋势一：产学研合作，人才
1595501685935696052|美海军高官强调与日本合作维护印太地区安全|美国海军作战部长理查森强调，美国海军致力于与日本海上自卫队一道努力，维护区域安全。
1595501685935696053|Ep.58 谢盈萱：我觉得全世界都在等你哭这件事情很可怕|今天《马力欧陪你喝一杯》的节目的来宾是第55届金马奖最佳女主角，谢盈萱。她毕业于台北艺术大学戏剧系，2018年靠《谁先爱上他的》里面的刘三莲跟《花甲大人转男孩》里面的史黛西打开知名度。其实她的表演经历超过十年，本是剧场出生的演员，还有个剧场女神的称号。在她达到演员生涯的里程碑后，未来她有什么新的规划？又有什么新戏呢？还有这十几年来从剧场、电视到电影的表演经历分享。 标签: 马力欧陪你喝一杯, Podcast, 谢盈萱, 谁先爱上他的, 花甲男孩转大人, 金马奖, 未满十八岁请勿饮酒
1595501685935696054|台北电玩展1/24登场 电竞周边厂商首度进注|一年一度的游戏盛会「 2019 台北电玩展」将在 24 日登场，国内外厂商均大秀产品特色，今年除了台厂有多款自制研发手游亮相外，电竞热潮也带动电竞周边厂商首度进驻参展。
1595501685935696055|彭博：中国让步购买一万亿美国商品|彭博社周五援引知情人士报道称，为结束与美国的贸易战，中国提出在未来六年大举进口美国商品。
1595501685935696056|洛兴雅人返家园 联合国批缅甸行动太慢|联合国秘书长古特瑞斯(Antonio Guterres)18 日批评缅甸允许洛兴雅穆斯林难民返回家园的行动过于缓慢。他形容此事缺乏进展是「巨大挫折」。
1595501685935696057|蔡总统：消防人力增补 目标5年3000人|总统蔡英文今天表示，她很清楚，所有基层消防人员最在意的事情，就是人力及个装；政府从今年开始，以 5 年增补 3000 人为目标，今年已规划增补 756 人，明年至少增补 688 人。
1595501685935696058|柯文哲批蔡亲美立场 扁钻说引发讨论|台北市长柯文哲昨天接受电视专访，批评总统蔡英文的亲美立场，也以强盗抢银行来形容，说旁边站的中国是警察，认为台美关系应该重新思考。不过民进党中央也对柯文哲的谈话，有许多批评。...
1595501685935696059|着眼金融市场 德中达成合作共识|在访华期间，德国联邦财政部长朔尔茨与中国副总理刘鹤共同主持第二次高级别中德财金对话。两国希望今后密切在金融领域的合作。
1595501685935696060|香港爆甲型流感 幼园案例增1.5倍 可停课7天|香港踏入流感季节以来，已造成46人死亡，但由于今年流感以甲型为主，较易令幼童受感染，故此幼儿园及幼儿中心的流感个案不断上升，到截至本月16日的流感季节两周半为止，共发生175宗，总数较上一个冬季流感季节同期升157%。卫生防护中心总监黄加庆形容，幼儿园及幼儿中心爆发处于非常高强度水平，以入院率计，本周亦高于上一流感季节的高位，且情况会继续恶化，故决定由明(19日)日起，爆发流感的幼儿园或幼儿中心将停课七天。
1595501685935696061|香港爆发严重流感 191所幼儿园需停课|冬季流感高峰期间，香港医院急诊室的求诊数逾千人次，6岁以下儿童是受传染的高危险族群，导致儿童住院率提升，根据公告指出，此次冬季流感主要流行的病毒为甲型流感，6岁以下儿童须特别注意，已经传出有幼儿园或中心停课的消息，实际停课天数为7天，共计有191所需要停课。关于幼儿园或中心传出停课消息，卫生防卫中心
1595501685935696062|巴西侨领支黄秀莉 获选华人楷模年度人物|出生台湾，移民巴西的世界华人工商妇女企管协会巴西分会会长支黄秀莉，日前在「 2019 全球华人春节联欢晚会暨楷模年度人物颁奖典礼」获颁「 2018 全球华人楷模年度人物奖」。
1595501685935696063|蔡争取连任 习专注内政 美专家：今年两岸相对稳定|全球台湾研究所（GTI）17日（周四）举办「2019年的台湾」座谈会，会中多位专家从不同层面及角度分析台湾未来将面临的局势。《美国之音》报导，美国约翰霍普金斯大学教授卜道维（David Brown）分析，由于总统蔡英文目前首要工作是争取连任，而中国领导人习近平则是专注内政，加上台湾在美中会谈中的排序
1595501685935696064|第二次美朝峰会定于2月底举行|白宫宣布，美国总统特朗普和朝鲜领导人金正恩将于2月底举行第二次峰会，会晤地点“日后”宣布。
1595501685935696065|澄清山手线无政治操作 林佳龙：重大变更需重提报告争预算|交通部长林佳龙昨日表示山手线已经遭国发会退回，要求台中市长卢秀燕依程序重新提案，被外界视为「卡卢」。林佳龙今(19)日下午透过脸书厘清，他指出，山手线的构想在14年前他就已提出，过去四年当市长任内提出完整计划，交通部也召开过四次严格的审查会和无数次的讨论。而新市府团队对财务分摊有不同主张，需要重新提
1595501685935696066|台湾很好玩！蔡英文脸书po文：外国旅客创新高|继昨（17）日在西门町吃美食，打造亲民形象，总统蔡英文今（18）日在脸书po文要大家邀请外国旅客前来台湾观光。蔡英文昨日中午和幕僚临时决定前往总统府附近的西门町，来一段一日系列，体验一下西门町观光客的感觉，并且自掏腰包买单。她今日则在脸书表示，昨天去西门町，除了吃午餐，其实就是想去关心观光；此外，她
1595501685935696067|紫菜是哪种菜？认识富含营养价值的「藻类食品」|海藻具高营养价值，含有各种人体必需的营养成份如维生素A、B、C和E，以及钾、钙、镁、磷、锌和锰等矿物质，其中硒和碘的含量特别高，而甲状腺病患须酌量食用。 标签: 海藻, 紫菜, 海带, 甲状腺亢进, 藻胶, 藻类, 绿藻, 洋菜粉, 褐藻, 膳食纤维, 鹿角菜胶, 红藻, 海苔
1595501685935696068|默克尔党内“接班人”：脱欧德国最想念的是英国人民|于去年年底在德国基民盟党内选举胜出，当选新一任党主席的安妮格雷特·克兰普-卡伦鲍尔在周五于英国《泰晤士报》发表的公开信中，与德国政治、经济和艺术界人士一道呼吁，希望英国留在欧盟，并称德国不愿看到英国“脱欧”。
1595501685935696069|叶国俊.何泰宽观点：「高雄币」效应在强化区域凝聚力 而非刺激经济发展|根据媒体报导，高雄市政府预计在2019年1月18日推行高雄币，且先在六合夜市、南华商圈、与光华夜市试办。只要在试办地点消费，就会获得1%到10%的反馈金额，并且以高雄币的方式持有。上述获得的高雄币，可以在下次消费时限于当地使用。在1个月之内如果没有使用，面值就会减少30%。这项政
1595501685935696070|民调：逾6成台湾人不支持“一国两制”|台独代表性人物辜宽敏成立的独派团体也公布民调显示，逾6成台湾人不支持“一国两制”。
1595501685935696071|腾讯和阿里巴巴的并购热潮降温|这两家中国科技巨头去年进行了243笔投资，但“资本寒冬”到来后，它们的收购热潮有所降温，腾讯尤其明显。
1595501685935696072|吉尔吉斯爆反华示威 一带一路再添麻烦|示威者不满中国在这个中亚国家的影响日渐提升，而对中国的负债又不断增加，令中国在当地的投资蒙上阴影。
1595501685935696073|如何消除运动后疲劳？适时补水、主动恢复、仪器辅助|运动完的身体疲劳总是席卷而来，但是你都如何消除疲劳呢？这次就为大家介绍几种恢复的方法！ 标签: 疲劳, 运动, 运动疲劳, 水疗, 缓和运动, 按摩滚筒, 电疗, 物理治疗, 肌肉放松, 气压循环, 收操, 水肿, 伸展操
1595501685935696074|用「强盗抢银行」形容美中台 柯文哲为赴美、进京赶考试水温？|美中台当前的关系宛如「强盗抢银行」？台北市长柯文哲近来频针对美中台局势发表言论，
1595501685935696075|台南市立委补选》谢龙介保证8个月帮农渔民找出路  民进党：学韩国瑜吹牛皮骗选票？|台南市长黄伟哲上任后，立委遗缺将在3月补选。国民党台南市党部主委谢龙介17日前往选委会登记参选台南第二选区立委，并表示若当选后8个月内，没帮农渔民找到出路，他就辞职也不再参选下届立委。对此，民进党台南市党部执行长蔡丽青则质疑，谢龙介是学高雄市长韩国瑜用口号骗选票，「选上之后双手一
1595501685935696076|日立冻结英国核电站计划 日本核电出口事业再遭挫败：朝日新闻中文网|日立制作所于17日宣布，将冻结在英核电站建设计划。 预计无法获得预想的收益，2019年财年(2018年4月1日至2019年3月31日)的决算中将记入3000亿日元(约合人民币186亿元)的损失。
1595501685935696077|澳网混双詹咏然首轮止步 詹皓晴晋16强|澳洲网球公开赛，詹家姊妹詹咏然和詹皓晴今天在混双首轮赛事分头出击，詹咏然在混双首轮遭到淘汰，而詹皓晴则与搭档顺利以直落二胜出、挺进 16 强赛。
1595501685935696078|酸美国要我们自费扁钻往前冲  柯P：军购问题要思考|台北市长柯文哲选后首度接受电子媒体专访，谈及台湾、美国、中国之间的关系，对于蔡政府的亲美立场以抢银行比喻、更酸美国要我们拿扁钻往前冲，但「扁钻还要自费」。柯文哲今（18）日直言，「买扁钻要钱啊」、「就是说，军购的问题也是要思考一下」，媒体追问这套言论3月访美会过关吗？柯笑回「不会过关」。《台视新闻》
1595501685935696079|消保处抽查市售酒测器 准确性都不合格|进入尾牙旺季，消保处也抽查市售的酒测器质量，赫然发现抽查的 15 件样本，在准确性测试及呼吸取样全都不合格。消保官王德明直呼连国家标准都没有达到的酒测器，比玩具还不如。
1595501685935696080|柯P的「十年挑战」 一张照片就搞定……|最近这几天最火热的社群议题是什么？毫无疑问，就是「十年挑战」，大家都在发自己十年前的今昔对比。而台北市长柯文哲今天(18日)则是特异独行地PO了一张照片，图片上标示「十年如一日」，图说则写道「对我来说，这十年其实一样」、「认真的过每一天，快乐的过每一天…如果不行，也要装着快乐的过每一天。」事实上，2
1595501685935696081|大撒币还是大减税？（王丹）|第一套剧本是所谓“习近平经济学”的核心内容，那就是“大撒币”以往，大撒币是习近平在全球扩展中国影响力的利器，钱是向外撒出的;
1595501685935696082|被消失的公共墓园，被遗忘的高雄历史|一座看似不起眼、甚至有些生人勿近的公共墓园，其实收纳了丰富的高雄史，从清领至今，见证了海港城市的多元文化与移民历史，然而这样一座珍贵的故事库，却遭遇到推平的命运
1595501685935696083|刘结一重申「一国两制」陆委会：台湾绝不与虎谋皮|针对中国国台办主任刘结一重申「习五点」、「『一国两制』不会在台施行中方制度、体现对台关怀照顾」等说法，陆委会今（18）日驳斥，「一国两制」终局安排没有民主自由，国台办谈话充满欺骗与谎言，「台湾绝不会与…
1595501685935696084|风评：责任制争议勿重蹈一例一休覆辙|政府正研拟订定受雇员工适用责任制的规定，没有意外，财经部门与劳动部意见相左，企业又与政府看法南辕北辙。政府宜审慎订之，切勿重蹈一例一休的「左右不讨好、里外不是人」的覆辙。会有那些劳工该适用责任制的原因，在各国所有保护劳工的基本法令中，一定会明订每日、每周的工时上限，虽然考虑到劳动
1595501685935696085|底特律车展后汽车股将走向何方？焦点在中国|周三，在北美国际车展向公众开放之际，来自通用汽车公司、福特汽车公司等企业的汽车业高管在车展上完成了与投资者的交流。很多车企都公布了对2019年的初步预期，并就一些议题发表了评论，焦点在中国。
1595501685935696086|魏京生谈海外民运以及中国未来时局|本期节目的嘉宾是著名民运人士魏京生先生，他要和大家聊聊海外华人民运的现状，以及他对未来中国时局的观察。
1595501685935696087|新新闻》匈牙利、波兰违民主倒退，欧盟基石动摇|二○一九年，在东欧共党垮台的三十年后，中欧大学（CentralEuropeanUniversity）将正式撤出匈牙利，落脚于维也纳。这个决定意味了一九年欧盟的两大挑战：一方面英国即将出走脱欧；另一方面，留在欧盟内的中、东欧新兴民主国家，面临民主与法治倒退。这两项挑战代表，号称二十
1595501685935696088|桥头事件40周年》党外人士突破党禁  民进党928在圆山组党|「1986年党外选举后援会」为了租借场地，在戒严时期，不是一件容易的事，国民党与警总人员四处恫吓。党外选举后援会租场地却被许多国内大饭店拒绝，四处碰钉子。游锡堃省议员后来请党外选举后援会财务组的魏耀干医师，以「牙医师公会」的名义去台北圆山大饭店租借场地，为了怕台北圆山大饭店反悔，还多付了订金。开会前
1595501685935696089|北欧模式能否拯救软阶层|徐瑾：对阶层下滑的广大软阶层而言，平等与发展并举的北欧模式看起来很美，然而杂糅的北欧模式有很多面，中美都需要谨防念错了经。减税而不是加税，才是正道。
1595501685935696090|白宫经济顾问：美中贸易协商谈判进展顺利|白宫首席经济顾问柯德洛美国时间周五表示，美国和中国在贸易谈判上取得进展，但要达成协议还需要时间，同时柯德洛也指出，他关注将于30日到访华府的中国国务院副总理刘鹤，「那将是很重要的会谈」。美国之音也报导…
1595501685935696091|台大12名医生6年前同罹肺癌，至今全都活得好好的！3张表告诉你早期筛检有多重要|台大医院2013年曾为300位高阶主管及医师做心肺检查，意外发现有12位罹患早期肺癌，震惊台湾社会。台大前副院长王明巨17日发文表示，这些罹癌同事经诊治，至今依然健康有活力，这件事也让不少人认识新的肺癌筛检方式，从2013年起国内肺癌早期诊断人数与比例有逐年升高的趋势。王明巨在脸
1595501685935696092|白宫证实 第2次川金会时间订于2月底|美国总统川普在美东时间18日与金正恩的左右手金英哲在白宫会面，会后白宫宣布，川普与北韩领导人金正恩将于二月底再度会面，至于地点是否为外传的越南，白宫方面则并未证实。北韩劳动党中央委员会副委员长、金正恩…
1595501685935696093|彭博爆中国撒1兆美元消贸易逆差  求美中贸易战over|美中贸易战，中国让步了？白宫经济顾问柯德洛（Larry Kudlow）18日表示，美国与中国在贸易谈判上取得不错的进展，「彭博社」也在周五引述熟悉谈判的官员说法报导，为了赶快结束与美国的贸易战，中国提出在未来6年，大规模进口美国商品达1兆美元，以平衡双方的贸易逆差。中国国务院副总理刘鹤将在30日到3
1595501685935696094|麦当劳广告写「台湾」 大陆「金拱门」道歉|台湾麦当劳的广告引发中国大陆网友的不满，大喊抵制、要求道歉。中国大陆麦当劳今（19）日凌晨在微博致歉，并表示「我们始终坚持一个中国的立场」。引起争议的广告内容是讲述3个考生吃了满福堡后，考运相当好，能够反败为胜，主打「吃满福，保好运」。但有眼尖的大陆网友发现，广告中女主角的准考证上，国籍写着「台湾」
1595501685935696095|谷玲玲观点：电视难看，多元付费机制也提供不了更多选择权|国家通讯传播委员会（NCC）一心一意要推动有线电视多元付费机制，强调提供收视户更多选择。该方案确能提供更多收视选择？NCC了解收视户的需求吗？二十一世纪基金会最近公布的电话访问结果显示，仅10%受访者清楚多元付费机制。受访者最希望维持现状，亦即以相同资费收看目前接收的所有频道，而
1595501685935696096|狠夫妇逼女佣喝抹地水 淋热水再施针|美容院老板娘与丈夫虐佣，老板娘不满女佣工作表现，逼女佣喝抹地污水、磕头至流血，还强迫女佣在肩膀上倒热水自烫，并用针刺破水泡。涉虐佣的是美容院老板林俊龙（44岁）及老板娘谢丽丝（39岁），受害者是20来岁的缅甸籍女佣漂漂玛。根据控状，案件发生在2016年8月至10月13日之间，地点是榜鹅径某组屋单位内。
1595501685935696097|丁守中声请验票 台北市民埋单197万|国民党台北市长候选人丁守中提「选举无效」诉讼，台北地方法院今（18）日下午再度开庭。丁守中的律师质疑，中选会在投票当天发布新闻稿，是导致一边投票一边开票的主因之一，并批中选会到现在都还在推卸责任。而据了解，本次重新计票总计耗费台北市政府625万余元，扣除丁守中被没入的428万保证
1595501685935696098|朱军被指性侵案最新进展 庭前会议双方要求被驳回|控告中国著名央视主持人朱军性侵的当事人弦子在周五通过微博表示，在当天举行的她起诉朱军人格权案子的庭前会议中，海淀法院驳回了被告朱军方要求中止审理，或者将此案与名誉权案合并审理的要求。
1595501685935696099|新任男女足国家队教头 邱义仁有3期许|中华民国足球协会今天揭晓新任男、女足球国家队总教练，理事长邱义仁也提出 3 大期许，除了成绩进步、带来新训练方式外，也盼能留下训练过程的课程，作为日后国内教练参考。
